INSERT INTO CONSUMER VALUES ('alper@gmail.com', '12345678','Alper','Çalýþkan','Türkiye','Ýzmir','2000-07-20','M'); 
INSERT INTO CONSUMER VALUES ('deniz@gmail.com', '123as4','Deniz','Uslu','Türkiye','Bursa','1970-04-12','M'); 
INSERT INTO CONSUMER VALUES ('mustafa@gmail.com', 'sc89axx','Mustafa','Kalýr','Türkiye','Ankara','1980-04-23','M'); 
INSERT INTO CONSUMER VALUES ('ali@gmail.com', 'sas12aTC','Ali','Mehmet','Türkiye','Sivas','2001-11-20','M');  
INSERT INTO CONSUMER VALUES ('ahmet@gmail.com', '5sCdvga','Ahmet','Soy','Türkiye','Bolu','1995-01-01','M');
INSERT INTO CONSUMER VALUES ('rýfký@gmail.com', 'sad5esa','Rýfký','Biçim','Türkiye','Manisa','1988-02-14','M');
INSERT INTO CONSUMER VALUES ('rüya@gmail.com', '254222','Rüya','Dede','Türkiye','Ýzmir','1960-05-13','F');
INSERT INTO CONSUMER VALUES ('yaðmur@gmail.com', '2452452','Yaðmur','Yaþar','Türkiye','Ýzmir','1964-05-13','F');
INSERT INTO CONSUMER VALUES ('sevgül@gmail.com', '24525424','Sevgül','Dede','Türkiye','Ýzmir','1977-05-13','F');
INSERT INTO CONSUMER VALUES ('erdoðan@gmail.com', 'fefef65','Erdoðan','Baba','Türkiye','Sivas','1972-03-13','M'); 
INSERT INTO CONSUMER VALUES ('ismail@gmail.com', 'fe45dsf5','Ýsmail','Yiðit','Türkiye','Samsun','1980-03-23','M');
INSERT INTO CONSUMER VALUES ('recep@gmail.com', 'h5wDf4sf','Recep','Kadir','Türkiye','Çanakkale','1999-07-10','M');
INSERT INTO CONSUMER VALUES ('doðuþ@gmail.com', 'fwf54fsd','Doðuþ','Rýza','Türkiye','Çanakkale','1989-05-30','M');
INSERT INTO CONSUMER VALUES ('kemal@gmail.com', 'dsa54as','Kemal','Yaman','Türkiye','Yozgat','1999-06-30','F');

INSERT INTO COMPANY VALUES ('Ege Üniversitesi', 'Türkiye', 'Ýzmir', 'Eðitim',1);
INSERT INTO COMPANY VALUES ('Dokuz Eylül Üniversitesi', 'Türkiye', 'Ýzmir', 'Eðitim',2);
INSERT INTO COMPANY VALUES ('Ýstanbul Teknik Üniversitesi', 'Türkiye', 'Ýzmir', 'Eðitim',3);
INSERT INTO COMPANY VALUES ('Arçelik', 'Türkiye', 'Ýstanbul', 'Beyaz Eþya',11);
INSERT INTO COMPANY VALUES ('Ubisoft', 'Fransa', 'Paris', 'Oyun',6);
INSERT INTO COMPANY VALUES ('Koç Üniversitesi', 'Türkiye', 'Ýstanbul', 'Eðitim',2);
INSERT INTO COMPANY VALUES ('Orta Doðu Teknik Üniversitesi', 'Türkiye', 'Ankara', 'Eðitim',5);
INSERT INTO COMPANY VALUES ('Tesla', 'Amerika', 'Kaliforniya', 'Otomotiv',12);
INSERT INTO COMPANY VALUES ('Ferrari', 'Ýtalya', 'Maranello', 'Otomotiv',10);
INSERT INTO COMPANY VALUES ('Vestel', 'Türkiye', 'Manisa', 'Ev Eþyalarý',5);

INSERT INTO UNIVERSITY (Uni_name,Country,City) VALUES ('Ege Üniversitesi', 'Türkiye', 'Ýzmir');
INSERT INTO UNIVERSITY (Uni_name,Country,City) VALUES ('Dokuz Eylül Üniversitesi', 'Türkiye', 'Ýzmir');
INSERT INTO UNIVERSITY (Uni_name,Country,City) VALUES ('Ýstanbul Teknik Üniversitesi', 'Türkiye', 'Ýstanbul');

INSERT INTO DEPT_PASSWORD VALUES('123456', '45645456');
INSERT INTO DEPT_PASSWORD VALUES('54545', '543442');
INSERT INTO DEPT_PASSWORD VALUES('22455424', '2452424');
INSERT INTO DEPT_PASSWORD VALUES('875872', '72724');
INSERT INTO DEPT_PASSWORD VALUES('27272453', '575424');
INSERT INTO DEPT_PASSWORD VALUES('572782', '278224');
INSERT INTO DEPT_PASSWORD VALUES('2782452', '27245525');
INSERT INTO DEPT_PASSWORD VALUES('27272527', '272727');

INSERT INTO COURSE_PASSWORD VALUES('54225444', '2722527');
INSERT INTO COURSE_PASSWORD VALUES('24225442', '2224520');
INSERT INTO COURSE_PASSWORD VALUES('58722245', 'DF2572');
INSERT INTO COURSE_PASSWORD VALUES('CSDC254', 'K245245');
INSERT INTO COURSE_PASSWORD VALUES('GH24524', '22HFDVS');
INSERT INTO COURSE_PASSWORD VALUES('254GJGJ', 'ASCV514');
INSERT INTO COURSE_PASSWORD VALUES('12HKHKHK', 'CDS54CDS');

INSERT INTO DEPARTMENT (Dept_name,Uni_id) VALUES ('Bilgisayar Mühendisliði', 1);
INSERT INTO DEPARTMENT (Dept_name,Uni_id) VALUES ('Eczacýlýk', 1);
INSERT INTO DEPARTMENT (Dept_name,Uni_id) VALUES ('Diþ Hekimliði', 2);
INSERT INTO DEPARTMENT (Dept_name,Uni_id) VALUES ('Bilgisayar Mühendisliði', 2);
INSERT INTO DEPARTMENT (Dept_name,Uni_id) VALUES ('Bilgisayar Mühendisliði', 3);
INSERT INTO DEPARTMENT (Dept_name,Uni_id) VALUES ('Anestezi', 3);

INSERT INTO INSTRUCTOR VALUES (1,'Profesör',1);
INSERT INTO INSTRUCTOR VALUES (2,'Doçent',4);
INSERT INTO INSTRUCTOR VALUES (3,'Profesör',5);

INSERT INTO COURSE (Course_name,Course_year,Course_sem,Skill_acquisition,Dept_id,Given_by) VALUES ('Nesneye Dayalý Programlama',2020,1,'Java',1,1);
INSERT INTO COURSE (Course_name,Course_year,Course_sem,Skill_acquisition,Dept_id,Given_by) VALUES ('Programlama Dilleri',2020,1,'C',4,2);
INSERT INTO COURSE (Course_name,Course_year,Course_sem,Skill_acquisition,Dept_id,Given_by) VALUES ('Olasýlýk ve Ýstatistik',2019,2,'Matlab',5,3);
INSERT INTO COURSE (Course_name,Course_year,Course_sem,Skill_acquisition,Dept_id,Given_by) VALUES ('Yapay Zeka Yöntemleri',2020,1,'Python',5,3);
INSERT INTO COURSE (Course_name,Course_year,Course_sem,Skill_acquisition,Dept_id,Given_by) VALUES ('Programlama Dilleri',2020,1,'C',5,3);

INSERT INTO STUDENT VALUES (4,4);
INSERT INTO STUDENT VALUES (5,5);
INSERT INTO STUDENT VALUES (6,5);
INSERT INTO STUDENT VALUES (7,5);
INSERT INTO STUDENT VALUES (8,5);
INSERT INTO STUDENT VALUES (9,5);
INSERT INTO STUDENT VALUES (10,5);

INSERT INTO STUDENT_COURSE (Student_id,Course_id) VALUES (4,2);
INSERT INTO STUDENT_COURSE (Student_id,Course_id) VALUES (5,3);
INSERT INTO STUDENT_COURSE (Student_id,Course_id) VALUES (6,3);
INSERT INTO STUDENT_COURSE (Student_id,Course_id) VALUES (7,3);
INSERT INTO STUDENT_COURSE (Student_id,Course_id) VALUES (9,3);
INSERT INTO STUDENT_COURSE (Student_id,Course_id) VALUES (5,4);
INSERT INTO STUDENT_COURSE (Student_id,Course_id) VALUES (8,4);
INSERT INTO STUDENT_COURSE (Student_id,Course_id) VALUES (9,4);
INSERT INTO STUDENT_COURSE (Student_id,Course_id) VALUES (9,5);
INSERT INTO STUDENT_COURSE (Student_id,Course_id) VALUES (10,5);

INSERT INTO ASSIGNMENT VALUES (2,'Proje1','2020-10-24','2020-10-30','(ÝÇERÝK)', 2);
INSERT INTO ASSIGNMENT VALUES (2,'Proje2','2020-11-24','2020-11-30','(ÝÇERÝK)', 2);

INSERT INTO SUBMISSION VALUES ('Proje yüklemesi', '2020-10-25','(ÝÇERÝK)',96,2,'Proje1',4);
INSERT INTO SUBMISSION VALUES ('Proje yüklemesi', '2020-11-29','(ÝÇERÝK)',75,2,'Proje2',4);

INSERT INTO ASSIGNMENT VALUES (3,'Proje1','2020-09-01','2020-09-05','(ÝÇERÝK)', 3);
INSERT INTO ASSIGNMENT VALUES (3,'Proje2','2020-12-12','2020-12-28','(ÝÇERÝK)', 3);
INSERT INTO ASSIGNMENT VALUES (3,'Proje3','2021-01-12','2021-01-20','(ÝÇERÝK)', 3);
INSERT INTO ASSIGNMENT VALUES (3,'Proje4','2020-09-12','2020-09-22','(ÝÇERÝK)', 3);

INSERT INTO SUBMISSION VALUES ('Proje yüklemesi', '2020-09-05','(ÝÇERÝK)',80,3,'Proje1',5);
INSERT INTO SUBMISSION VALUES ('Proje yüklemesi', '2020-12-27','(ÝÇERÝK)',50,3,'Proje2',5);

INSERT INTO SUBMISSION VALUES ('Proje yüklemesi', '2020-09-02','(ÝÇERÝK)',60,3,'Proje1',6);
INSERT INTO SUBMISSION VALUES ('Proje yüklemesi', '2020-12-18','(ÝÇERÝK)',55,3,'Proje2',6);
INSERT INTO SUBMISSION VALUES ('Proje yüklemesi', '2021-01-15','(ÝÇERÝK)',78,3,'Proje3',6);
INSERT INTO SUBMISSION VALUES ('Proje yüklemesi', '2020-09-20','(ÝÇERÝK)',100,3,'Proje4',6);

INSERT INTO SUBMISSION VALUES ('Proje yüklemesi', '2020-09-01','(ÝÇERÝK)',45,3,'Proje1',7);
INSERT INTO SUBMISSION VALUES ('Proje yüklemesi', '2021-01-14','(ÝÇERÝK)',30,3,'Proje3',7);
INSERT INTO SUBMISSION VALUES ('Proje yüklemesi', '2020-09-18','(ÝÇERÝK)',75,3,'Proje4',7);

INSERT INTO SUBMISSION VALUES ('Proje yüklemesi', '2020-09-02','(ÝÇERÝK)',40,3,'Proje1',9);
INSERT INTO SUBMISSION VALUES ('Proje yüklemesi', '2020-12-19','(ÝÇERÝK)',50,3,'Proje2',9);
INSERT INTO SUBMISSION VALUES ('Proje yüklemesi', '2021-01-14','(ÝÇERÝK)',65,3,'Proje3',9);
INSERT INTO SUBMISSION VALUES ('Proje yüklemesi', '2020-09-19','(ÝÇERÝK)',52,3,'Proje4',9);

INSERT INTO ASSIGNMENT VALUES (4,'Proje1','2020-10-15','2020-10-20','(ÝÇERÝK)', 3);
INSERT INTO ASSIGNMENT VALUES (4,'Proje2','2020-12-18','2020-12-25','(ÝÇERÝK)', 3);

INSERT INTO SUBMISSION VALUES ('Proje yüklemesi', '2020-10-16','(ÝÇERÝK)',98,4,'Proje1',5);
INSERT INTO SUBMISSION VALUES ('Proje yüklemesi', '2020-12-20','(ÝÇERÝK)',46,4,'Proje2',5);

INSERT INTO SUBMISSION VALUES ('Proje yüklemesi', '2020-10-17','(ÝÇERÝK)',24,4,'Proje1',8);
INSERT INTO SUBMISSION VALUES ('Proje yüklemesi', '2020-12-18','(ÝÇERÝK)',58,4,'Proje2',8);

INSERT INTO SUBMISSION VALUES ('Proje yüklemesi', '2020-10-17','(ÝÇERÝK)',88,4,'Proje1',9);
INSERT INTO SUBMISSION VALUES ('Proje yüklemesi', '2020-12-20','(ÝÇERÝK)',94,4,'Proje2',9);

INSERT INTO ASSIGNMENT VALUES (5,'Proje1','2020-12-18','2020-12-30','(ÝÇERÝK)', 3);

INSERT INTO SUBMISSION VALUES ('Proje yüklemesi', '2020-12-25','(ÝÇERÝK)',60,5,'Proje1',9);
INSERT INTO SUBMISSION VALUES ('Proje yüklemesi', '2020-12-20','(ÝÇERÝK)',59,5,'Proje1',10);

INSERT INTO SKILL VALUES ('Matlab');
INSERT INTO SKILL VALUES ('C');
INSERT INTO SKILL VALUES ('Java');
INSERT INTO SKILL VALUES ('Python');
INSERT INTO SKILL VALUES ('Liderlik');
INSERT INTO SKILL VALUES ('Grup Çalýþmasý');
INSERT INTO SKILL VALUES ('Ýletiþim');
INSERT INTO SKILL VALUES ('Kotlin');
INSERT INTO SKILL VALUES ('AutoCAD');
INSERT INTO SKILL VALUES ('SQL');

INSERT INTO CONSUMER_SKILL VALUES (4,'SQL');
INSERT INTO CONSUMER_SKILL VALUES (7,'Ýletiþim');
INSERT INTO CONSUMER_SKILL VALUES (12,'AutoCAD');
INSERT INTO CONSUMER_SKILL VALUES (1,'Grup Çalýþmasý');
INSERT INTO CONSUMER_SKILL VALUES (5,'Grup Çalýþmasý');
INSERT INTO CONSUMER_SKILL VALUES (2,'Liderlik');
INSERT INTO CONSUMER_SKILL VALUES (10,'SQL');
INSERT INTO CONSUMER_SKILL VALUES (4,'AutoCAD');

INSERT INTO CONSUMER_SKILL_ENDORSE VALUES (4,1,'AutoCAD');
INSERT INTO CONSUMER_SKILL_ENDORSE VALUES (5,3,'Grup Çalýþmasý');
INSERT INTO CONSUMER_SKILL_ENDORSE VALUES (2,10,'Liderlik');
INSERT INTO CONSUMER_SKILL_ENDORSE VALUES (4,12,'AutoCAD');
INSERT INTO CONSUMER_SKILL_ENDORSE VALUES (2,1,'Liderlik');
INSERT INTO CONSUMER_SKILL_ENDORSE VALUES (7,3,'Ýletiþim');
INSERT INTO CONSUMER_SKILL_ENDORSE VALUES (7,2,'Ýletiþim');

INSERT INTO POST VALUES ('2020-05-14', '(ÝÇERÝK)', null, 1);
INSERT INTO POST VALUES ('2021-04-12', '(ÝÇERÝK)', 2, 4);       
INSERT INTO POST VALUES ('2020-10-25', '(ÝÇERÝK)', null, 4);
INSERT INTO POST VALUES ('2020-11-16', '(ÝÇERÝK)', 2, 4);
INSERT INTO POST VALUES ('2021-03-17', '(ÝÇERÝK)', 3, 5);
INSERT INTO POST VALUES ('2019-01-18', '(ÝÇERÝK)', 4, 5);
INSERT INTO POST VALUES ('2020-10-19', '(ÝÇERÝK)', null, 11);
INSERT INTO POST VALUES ('2021-08-14', '(ÝÇERÝK)', 3, 7);
INSERT INTO POST VALUES ('2021-10-04', '(ÝÇERÝK)', 4, 8);
INSERT INTO POST VALUES ('2021-09-09', '(ÝÇERÝK)', 2, 2);
INSERT INTO POST VALUES ('2020-03-11', '(ÝÇERÝK)', 3, 5);
INSERT INTO POST VALUES ('2021-04-13', '(ÝÇERÝK)', 3, 6);
INSERT INTO POST VALUES ('2020-04-14', '(ÝÇERÝK)', null, 5);
INSERT INTO POST VALUES ('2021-12-19', '(ÝÇERÝK)', null, 5);
INSERT INTO POST VALUES ('2021-07-25', '(ÝÇERÝK)', null, 5);
INSERT INTO POST VALUES ('2021-10-19', '(ÝÇERÝK)', null, 11);
INSERT INTO POST VALUES ('2019-06-08', '(ÝÇERÝK)', null, 11);
INSERT INTO POST VALUES ('2020-01-26', '(ÝÇERÝK)', null, 12);
INSERT INTO POST VALUES ('2021-08-18', '(ÝÇERÝK)', null, 12);
INSERT INTO POST VALUES ('2019-10-19', '(ÝÇERÝK)', null, 13);

INSERT INTO SUBMISSION_POST VALUES (2,1);
INSERT INTO SUBMISSION_POST VALUES (3,1);
INSERT INTO SUBMISSION_POST VALUES (4,2);
INSERT INTO SUBMISSION_POST VALUES (5,3);
INSERT INTO SUBMISSION_POST VALUES (6,17);
INSERT INTO SUBMISSION_POST VALUES (8,10);
INSERT INTO SUBMISSION_POST VALUES (9,19);
INSERT INTO SUBMISSION_POST VALUES (11,17);
INSERT INTO SUBMISSION_POST VALUES (12,7);
INSERT INTO SUBMISSION_POST VALUES (13,4);
INSERT INTO SUBMISSION_POST VALUES (14,16);
INSERT INTO SUBMISSION_POST VALUES (15,3);

INSERT INTO WORKS_FOR VALUES (1,1,'2018-07-15', null, 'Profesör');
INSERT INTO WORKS_FOR VALUES (2,2,'2018-02-13', null, 'Doçent');
INSERT INTO WORKS_FOR VALUES (3,3,'2020-02-18',null,'Profesör');
INSERT INTO WORKS_FOR VALUES (11,4, '2015-05-16','2020-04-20', 'CEO');
INSERT INTO WORKS_FOR VALUES (12,4, '2015-06-08','2021-08-12','Sekreter');
INSERT INTO WORKS_FOR VALUES (13,5,'2015-04-05','2018-03-30','CEO');
INSERT INTO WORKS_FOR VALUES (11,5,'2020-07-20',null,'Yazýlým Uzmaný');
INSERT INTO WORKS_FOR VALUES (11,3, '2005-02-04', null,'Profesör');
INSERT INTO WORKS_FOR VALUES (13,4, '2002-10-10', '2020-05-13', 'Grafiker');
INSERT INTO WORKS_FOR VALUES (12,5, '2018-09-15', null, 'Müþteri Temsilcisi');

INSERT INTO GETS_EDUCATION VALUES (4,2,'2018-09-15',null,'Bilgisayar Mühendisliði');
INSERT INTO GETS_EDUCATION VALUES (5,3,'2019-09-20',null,'Bilgisayar Mühendisliði');
INSERT INTO GETS_EDUCATION VALUES (6,3,'2020-09-21',null,'Bilgisayar Mühendisliði');
INSERT INTO GETS_EDUCATION VALUES (7,3,'2018-09-19',null,'Bilgisayar Mühendisliði');
INSERT INTO GETS_EDUCATION VALUES (8,3,'2020-09-20',null,'Bilgisayar Mühendisliði');
INSERT INTO GETS_EDUCATION VALUES (9,3,'2021-09-20',null,'Bilgisayar Mühendisliði');

INSERT INTO GETS_EDUCATION VALUES (1,1,'2005-09-18','2009-06-20','Bilgisayar Mühendisliði');
INSERT INTO GETS_EDUCATION VALUES (2,2,'2009-09-13','2014-06-15','Bilgisayar Mühendisliði');
INSERT INTO GETS_EDUCATION VALUES (11,6,'2010-09-15',null,'Ýngiliz Dili ve Edebiyatý');
INSERT INTO GETS_EDUCATION VALUES (12,3,'2012-09-21',null,'Diþ Hekimliði');
INSERT INTO GETS_EDUCATION VALUES (11,7,'2014-09-20',null,'Kimya Mühendisliði');
INSERT INTO GETS_EDUCATION VALUES (13,2,'2018-09-25','2020-06-18','Bilgisayar Mühendisliði');

INSERT INTO COMMUNITY VALUES ('Kripto Para','Ekonomi',5)
INSERT INTO COMMUNITY VALUES ('Dijital Pazarlama','Finans',3)

INSERT INTO COMMUNITY_MEMBER VALUES (6,6)
INSERT INTO COMMUNITY_MEMBER VALUES (6,4)
INSERT INTO COMMUNITY_MEMBER VALUES (7,10)
INSERT INTO COMMUNITY_MEMBER VALUES (7,13)
INSERT INTO COMMUNITY_MEMBER VALUES (6,2)
INSERT INTO COMMUNITY_MEMBER VALUES (7,1)
INSERT INTO COMMUNITY_MEMBER VALUES (6,8)

EXEC UPDATE_STUDENT_PROFILE